,temp,dew,humidity,precip,windspeed,winddir,cloudcover,solarradiation
0,24.9,24.4,97.05,0.6,6.5,104.0,83.2,0.0
1,24.7,24.2,97.05,0.7,6.5,96.6,84.5,0.0
2,24.6,24.0,96.47,0.9,6.5,88.8,85.9,0.0
3,24.5,23.8,95.89,1.1,6.1,80.6,87.4,0.0
4,24.4,23.6,95.31,1.1,5.8,74.0,87.9,0.0
5,24.3,23.4,94.73,1.1,6.1,71.7,86.6,0.0
6,24.2,23.3,94.73,1.1,6.5,74.3,85.3,6.3
7,25.6,24.3,92.54,1.0,6.8,82.4,76.6,107.8
8,27.2,24.3,84.2,1.0,9.4,110.1,52.7,292.1
9,28.3,24.1,78.01,0.3,11.2,129.7,42.9,440.1
10,28.7,24.2,76.68,0.3,11.5,138.9,42.4,554.3
11,29.1,24.4,75.83,0.5,11.2,145.8,41.5,612.0
12,29.5,24.8,75.89,0.6,9.7,148.1,42.8,644.5
13,29.7,24.9,75.47,0.5,7.9,145.0,60.0,589.5
14,29.7,25.0,75.92,0.4,7.2,142.9,80.9,479.0
15,29.6,25.1,76.81,0.3,6.1,145.3,83.6,374.0
16,29.3,25.5,80.04,0.2,4.3,151.9,84.5,216.9
17,28.8,25.1,80.45,0.2,4.0,149.1,86.9,87.1
18,28.0,25.4,85.8,0.3,2.5,144.5,87.3,14.8
19,27.5,25.1,86.78,0.2,2.2,138.5,86.5,0.0
20,27.1,24.9,87.79,0.2,2.2,123.4,86.0,0.0
21,26.5,25.0,91.49,0.1,3.2,117.9,86.5,0.0
22,25.9,25.0,94.79,0.1,4.3,120.2,87.1,0.0
23,25.5,24.8,95.92,0.2,4.7,119.3,88.0,0.0
24,25.2,24.7,97.06,0.2,4.7,116.9,88.1,0.0
25,24.9,24.5,97.64,0.3,5.0,113.0,87.3,0.0
26,24.8,24.4,97.64,0.3,5.8,109.8,86.7,0.0
27,24.6,24.3,98.22,0.3,5.8,108.4,87.7,0.0
28,24.6,24.2,97.63,0.3,6.1,107.7,88.3,0.0
29,24.5,24.2,98.22,0.3,6.5,105.2,86.9,0.0
30,24.5,24.1,97.63,0.4,6.5,103.5,76.3,3.0
31,25.1,24.5,96.48,0.4,8.3,100.2,61.2,61.3
32,26.0,24.8,93.11,0.5,10.1,101.6,55.4,192.1
33,26.9,25.0,89.36,1.1,11.2,107.0,54.9,309.8
34,27.4,24.6,84.72,0.6,12.2,110.9,53.6,401.6
35,27.8,24.4,81.78,0.1,13.0,111.0,53.3,494.5
36,28.2,24.2,78.94,0.2,12.2,112.4,50.5,532.5
37,28.5,24.2,77.58,0.4,11.9,115.7,43.1,569.8
38,28.7,24.3,77.14,0.4,11.5,119.3,33.7,569.5
39,28.7,24.3,77.14,0.2,11.2,122.9,29.4,509.8
40,28.5,24.4,78.51,0.3,10.1,129.3,32.8,356.1
41,27.8,24.8,83.76,0.1,8.3,137.1,42.7,174.4
42,26.6,24.7,89.33,0.2,6.5,139.2,56.7,30.0
43,25.7,24.5,93.1,0.1,5.0,146.7,67.7,0.0
44,25.5,24.2,92.53,0.2,4.0,141.0,78.9,0.0
45,25.4,24.0,91.97,0.2,2.5,106.5,84.5,0.0
46,25.1,23.9,93.07,0.2,3.2,62.5,84.5,0.0
47,24.7,23.7,94.18,0.2,5.0,48.2,79.6,0.0
48,24.4,23.5,94.73,0.3,6.1,49.7,80.9,0.0
49,24.2,23.3,94.73,0.5,6.5,56.1,81.5,0.0
50,24.2,23.1,93.59,0.6,6.5,65.8,82.1,0.0
51,24.1,22.9,93.02,0.8,6.5,73.5,82.8,0.0
52,24.1,22.6,91.34,0.9,5.8,77.8,84.1,0.0
53,24.2,22.3,89.15,0.9,4.3,70.5,85.4,0.0
54,24.3,22.1,87.55,1.0,3.6,48.1,85.5,3.4
55,24.8,23.3,91.38,1.1,3.2,37.5,85.6,55.1
56,26.1,23.0,83.07,1.2,2.2,74.4,84.6,146.5
57,27.5,23.5,78.84,0.3,3.2,126.6,80.6,266.0
58,28.4,23.2,73.47,0.3,3.6,125.4,79.1,399.5
59,28.5,22.9,71.73,0.4,4.0,137.9,75.9,433.1
60,28.6,23.1,72.18,0.4,4.3,148.1,71.4,500.9
61,28.8,23.2,71.78,0.3,5.0,152.9,70.3,505.4
62,28.9,23.3,71.8,0.3,6.1,162.4,59.8,481.9
63,28.8,23.4,72.65,0.2,7.2,173.4,56.1,434.4
64,28.3,23.8,76.62,0.1,7.6,188.6,65.2,316.6
65,27.8,24.2,80.8,0.1,6.8,202.9,61.7,186.4
66,26.7,24.1,85.67,0.2,5.4,215.0,70.7,35.1
67,25.6,24.0,90.89,0.3,4.7,224.8,79.8,0.0
68,25.5,23.3,87.65,0.3,3.6,240.7,32.8,0.0
69,25.4,22.9,86.07,0.3,2.5,253.0,12.9,0.0
70,25.4,22.5,84.0,0.3,0.7,236.4,9.9,0.0
71,24.6,22.7,89.18,0.4,2.2,92.0,9.9,0.0
72,23.7,22.7,94.13,0.5,4.7,93.8,10.8,0.0
73,23.3,22.6,95.85,0.5,6.1,100.0,21.4,0.0
74,23.2,22.6,96.43,0.6,6.1,107.1,49.0,0.0
75,23.2,22.6,96.43,0.5,6.5,110.0,52.3,0.0
76,23.0,22.5,97.01,0.4,6.5,106.0,42.0,0.0
77,22.8,22.3,97.01,0.3,6.8,101.8,21.1,0.0
78,22.6,22.2,97.6,0.2,6.8,100.1,20.0,7.2
79,23.7,22.9,95.28,0.1,8.6,97.9,22.6,127.0
80,25.0,23.4,90.85,0.1,8.6,102.8,21.0,320.3
81,26.2,23.5,85.11,0.6,9.4,104.8,19.9,520.3
82,27.3,23.7,80.74,0.9,9.7,110.6,26.7,681.0
83,28.2,23.8,77.07,1.3,9.7,119.7,61.2,793.3
84,28.8,24.0,75.33,2.2,9.0,129.2,67.3,840.0
85,29.2,24.1,74.04,2.9,8.3,133.6,74.8,833.8
86,29.3,24.2,74.06,2.7,7.2,138.2,53.3,730.8
87,29.1,24.1,74.47,2.2,6.5,144.7,37.6,557.3
88,28.7,24.1,76.22,1.5,5.8,147.2,27.6,379.1
89,28.0,24.4,80.83,1.0,4.7,150.8,27.5,185.2
90,27.1,24.4,85.2,1.1,3.6,147.9,28.6,34.5
91,26.0,24.9,93.67,0.9,2.9,144.5,30.7,0.0
92,25.6,24.6,94.21,1.0,3.2,133.8,28.8,0.0
93,25.2,24.3,94.76,1.2,3.2,123.0,26.9,0.0
94,24.8,24.0,95.32,1.7,3.6,110.6,26.5,0.0
95,24.5,23.8,95.89,1.9,4.0,99.4,26.7,0.0
96,24.2,23.6,96.46,2.0,4.0,91.5,34.0,0.0
97,24.0,23.4,96.45,2.3,4.0,80.1,41.7,0.0
98,23.8,23.2,96.45,2.1,4.0,70.0,43.1,0.0
99,23.6,23.0,96.44,2.1,4.0,63.9,42.4,0.0
100,23.5,22.8,95.85,1.9,4.0,58.6,42.2,0.0
101,23.3,22.6,95.85,1.5,3.6,48.2,43.3,0.0
102,23.3,22.4,94.69,1.1,3.6,35.9,43.8,5.1
103,24.3,23.1,93.03,1.0,3.2,28.2,49.2,91.0
104,26.0,23.1,84.07,1.2,4.0,118.8,49.8,224.2
105,27.2,23.1,78.33,2.2,5.8,131.1,45.8,349.6
106,27.8,22.6,73.37,3.9,5.4,125.8,30.7,508.1
107,28.6,23.0,71.74,4.9,3.2,116.8,11.4,745.3
108,29.5,23.2,68.93,5.4,2.2,132.5,7.7,867.8
109,30.0,23.4,67.79,4.0,2.5,185.4,7.6,841.5
110,30.1,23.5,67.81,2.8,4.0,210.8,8.5,757.5
111,29.8,23.6,69.41,1.6,5.4,211.6,10.3,607.5
112,29.2,23.7,72.28,0.7,6.8,209.7,30.0,417.6
113,28.5,24.2,77.58,0.5,6.1,210.1,71.1,205.8
114,27.3,24.0,82.21,0.5,5.4,207.1,82.3,37.2
115,26.1,24.3,89.83,0.6,4.7,197.2,72.6,0.0
116,25.6,24.0,90.89,0.8,4.7,184.6,65.1,0.0
117,25.1,23.8,92.51,0.8,5.0,165.0,63.2,0.0
118,24.7,23.7,94.18,1.1,5.0,147.2,63.7,0.0
119,24.3,23.5,95.3,1.5,5.4,130.5,71.0,0.0
120,23.9,23.2,95.87,1.7,6.1,113.8,75.2,0.0
121,23.6,23.0,96.44,1.4,6.8,94.6,78.4,0.0
122,23.4,22.7,95.85,1.0,8.3,77.5,77.1,0.0
123,23.2,22.4,95.26,0.4,9.7,70.0,68.3,0.0
124,22.9,21.9,94.1,0.2,11.2,70.9,68.3,0.0
125,22.7,21.5,92.95,0.2,11.9,76.4,71.5,0.0
126,22.5,21.2,92.37,0.3,12.2,81.3,77.7,3.0
127,22.9,21.3,90.71,0.4,13.7,83.0,69.1,68.9
128,23.8,21.7,88.04,0.8,16.2,83.1,53.6,220.4
129,25.0,22.3,84.99,0.8,16.6,87.5,59.6,366.0
130,25.9,22.4,81.05,1.3,16.9,97.7,79.5,423.6
131,26.2,22.5,80.11,1.8,16.6,106.4,90.7,428.9
132,26.3,22.6,80.12,2.1,15.5,109.8,92.7,417.1
133,25.9,22.6,82.04,2.6,13.3,107.8,93.3,300.4
134,25.5,22.6,84.01,2.8,11.9,103.6,92.2,238.8
135,25.2,22.7,86.05,3.0,11.9,99.6,91.7,183.1
136,24.7,22.8,89.19,3.6,11.9,97.6,91.5,114.2
137,24.2,22.9,92.46,4.9,10.8,93.3,91.8,50.7
138,23.7,22.9,95.28,4.1,10.8,85.5,90.4,8.3
139,23.5,22.7,95.28,4.7,13.3,82.1,88.6,0.0
140,23.4,22.7,95.85,4.5,15.1,82.7,85.1,0.0
141,23.3,22.5,95.27,4.1,16.6,90.1,81.2,0.0
142,23.0,22.1,94.68,3.9,17.3,95.3,81.8,0.0
143,22.7,21.9,95.25,3.6,16.2,94.5,83.4,0.0
144,22.6,21.7,94.66,3.6,15.5,90.3,83.3,0.0
145,22.5,21.5,94.08,3.9,14.8,87.3,82.8,0.0
146,22.4,21.3,93.5,4.1,14.0,85.8,81.8,0.0
147,22.3,21.1,92.93,4.4,11.9,83.3,85.3,0.0
148,22.3,21.1,92.93,4.3,9.7,77.8,88.5,0.0
149,22.3,21.0,92.36,3.9,9.0,71.5,90.5,0.0
150,22.3,21.0,92.36,3.2,8.6,65.1,90.5,2.6
151,23.1,21.6,91.28,2.2,8.6,53.8,87.9,58.0
152,24.5,22.0,85.98,1.5,10.4,47.2,82.2,178.2
153,25.6,22.5,83.01,6.5,10.4,74.7,77.0,289.8
154,26.1,22.8,82.07,3.6,14.0,103.3,72.7,347.6
155,26.1,23.0,83.07,1.4,15.1,105.6,71.6,404.1
156,26.3,23.3,83.59,1.2,15.1,104.3,72.9,441.9
157,26.4,23.5,84.11,2.1,14.8,102.9,75.4,431.1
158,26.5,23.7,84.63,2.3,13.7,101.7,75.2,373.6
159,26.5,23.8,85.14,1.3,11.9,96.8,72.0,303.4
160,26.5,24.0,86.17,0.5,9.7,89.2,63.9,217.1
161,26.2,24.2,88.77,0.1,6.8,79.7,60.5,112.1
162,25.4,24.1,92.53,0.1,5.4,71.9,60.6,18.9
163,24.8,23.6,93.05,0.2,5.4,65.9,63.0,0.0
164,24.6,23.4,93.04,0.4,5.8,65.3,72.2,0.0
165,24.3,23.2,93.59,0.3,6.1,74.2,80.4,0.0
166,24.1,23.0,93.58,0.2,6.5,82.1,81.2,0.0
167,23.9,22.8,93.57,0.4,6.8,82.8,81.9,0.0
168,23.7,22.6,93.56,0.6,7.2,81.0,82.5,0.0
169,23.5,22.3,92.99,0.6,7.9,81.0,76.7,0.0
170,23.3,22.1,92.98,0.5,8.3,83.3,73.9,0.0
171,23.2,21.8,91.84,0.5,9.0,85.3,68.7,0.0
172,23.1,21.6,91.28,0.5,9.4,83.5,62.0,0.0
173,22.9,21.4,91.27,0.6,9.7,77.6,53.8,0.0
174,22.8,21.2,90.7,0.7,9.4,72.7,49.9,4.2
175,24.1,22.4,90.24,0.4,8.3,72.3,51.6,101.1
176,26.0,22.6,81.56,0.2,10.1,85.5,55.2,251.8
177,27.7,22.4,72.9,0.1,13.0,110.8,40.2,423.9
178,28.2,22.8,72.55,0.2,15.8,120.1,29.3,618.8
179,28.3,23.4,74.79,0.4,17.3,121.7,24.7,721.0
180,28.6,23.8,75.29,0.7,17.3,120.8,16.6,777.5
181,29.0,24.2,75.36,1.6,16.9,119.5,6.1,841.8
182,29.1,24.4,75.83,1.4,16.2,120.2,6.5,753.5
183,28.9,24.4,76.71,0.5,15.5,123.8,6.3,608.5
184,28.5,24.7,79.93,0.1,13.7,128.0,7.2,423.0
185,27.9,25.0,84.27,0.1,11.2,130.8,9.0,210.8
186,26.4,24.8,90.94,0.1,8.6,128.9,10.7,34.5
187,25.4,24.4,94.21,0.1,7.6,122.5,13.6,0.0
188,25.0,24.1,94.76,0.1,7.9,111.2,16.7,0.0
189,24.7,23.9,95.32,0.0,8.6,100.2,19.4,0.0
190,24.5,23.6,94.74,0.0,9.0,93.5,28.8,0.0
191,24.3,23.3,94.16,0.1,9.0,89.9,51.5,0.0
,temp,dew,humidity,precip,windspeed,winddir,cloudcover,solarradiation
0,21.4,20.1,92.31,0.1,1.4,22.8,92.4,0.0
1,21.1,20.1,94.02,0.1,1.4,1.8,92.3,0.0
2,20.9,20.0,94.6,0.1,2.5,330.6,96.0,0.0
3,20.8,19.8,94.01,0.1,3.2,319.9,95.9,0.0
4,20.7,19.6,93.42,0.1,3.6,310.0,94.9,0.0
5,20.7,19.4,92.27,0.1,4.0,301.7,94.0,0.0
6,21.0,19.8,92.86,0.1,4.0,305.4,90.7,36.0
7,22.7,20.3,86.33,0.1,6.8,288.6,77.5,179.3
8,24.3,19.8,76.0,0.1,11.9,275.2,68.1,371.9
9,25.3,19.2,68.97,0.1,15.5,268.8,77.7,548.5
10,26.0,19.1,65.75,0.2,17.6,264.9,85.5,667.3
11,26.5,19.2,64.24,0.2,18.7,261.0,78.6,746.0
12,26.9,19.4,63.53,0.2,19.4,258.0,57.7,759.3
13,27.1,19.5,63.18,0.2,20.2,256.7,56.1,745.0
14,27.0,19.6,63.95,0.2,20.5,258.0,60.2,639.3
15,26.8,19.6,64.7,0.1,19.1,259.5,77.1,519.8
16,26.4,19.6,66.25,0.1,17.6,260.3,90.3,375.6
17,25.6,19.9,70.77,0.1,14.4,261.2,87.4,213.5
18,24.5,20.6,78.9,0.0,9.7,261.4,88.5,81.1
19,23.0,20.7,86.9,0.0,7.2,264.3,87.1,6.9
20,22.5,20.3,87.39,0.0,7.2,270.8,85.5,0.0
21,22.2,20.1,87.9,0.0,7.2,279.7,83.2,0.0
22,21.9,19.9,88.42,0.0,7.2,287.8,83.7,0.0
23,21.8,19.8,88.42,0.0,6.5,296.0,87.2,0.0
24,21.8,19.6,87.32,0.0,5.0,299.6,91.2,0.0
25,21.8,19.5,86.78,0.0,4.0,301.4,94.6,0.0
26,21.6,19.3,86.77,0.0,3.6,303.3,92.0,0.0
27,21.5,19.1,86.22,0.0,2.9,310.2,89.9,0.0
28,21.5,18.8,84.62,0.0,2.2,307.6,83.3,0.0
29,21.5,18.4,82.52,0.0,2.2,276.1,72.7,0.0
30,21.6,19.1,85.69,0.0,1.8,242.1,79.7,23.6
31,22.3,19.0,81.6,0.0,6.1,246.1,91.1,110.2
32,23.6,19.0,75.42,0.0,11.2,252.7,96.3,256.4
33,24.8,18.4,67.59,0.0,15.5,255.9,96.0,430.8
34,25.7,18.4,64.07,0.0,18.0,256.5,95.8,587.0
35,26.5,18.7,62.26,0.1,19.1,256.8,95.2,709.5
36,26.9,18.9,61.58,0.1,19.1,257.1,94.1,733.8
37,27.1,19.2,62.01,0.1,18.4,256.8,92.3,655.3
38,27.3,19.4,62.05,0.1,17.6,256.7,90.7,597.0
39,27.3,19.5,62.44,0.1,16.2,255.6,89.0,503.5
40,26.9,19.5,63.93,0.1,14.8,254.2,89.3,357.0
41,26.2,19.9,68.29,0.1,11.9,253.1,85.5,201.8
42,25.1,20.3,74.73,0.0,9.0,251.4,82.6,75.9
43,24.0,21.0,83.33,0.0,5.0,246.8,80.0,6.5
44,24.0,20.1,78.83,0.0,4.0,250.6,71.9,0.0
45,23.8,19.8,78.32,0.0,3.2,270.7,66.7,0.0
46,23.4,19.6,79.24,0.0,2.9,304.8,67.5,0.0
47,23.0,19.7,81.68,0.0,2.5,343.2,70.2,0.0
48,22.5,19.9,85.25,0.0,2.9,8.6,71.4,0.0
49,22.1,19.9,87.35,0.0,2.9,19.2,75.1,0.0
50,22.0,19.4,85.2,0.0,1.4,27.9,78.1,0.0
51,21.7,19.4,86.77,0.0,1.1,138.9,72.1,0.0
52,21.3,19.5,89.48,0.0,1.8,142.3,56.9,0.0
53,20.9,19.4,91.14,0.0,2.2,133.0,43.8,0.0
54,21.0,19.7,92.28,0.0,1.4,124.1,66.9,32.7
55,22.5,19.8,84.72,0.0,2.9,227.6,80.5,152.6
56,24.2,19.3,74.12,0.0,7.9,251.4,80.9,334.9
57,25.4,19.2,68.56,0.2,11.5,250.3,81.9,542.0
58,26.5,19.5,65.45,0.8,13.7,244.2,80.5,714.3
59,27.4,19.8,63.24,1.8,15.5,238.7,75.5,838.0
60,27.5,20.1,64.05,3.0,16.6,236.8,69.9,773.8
61,27.1,20.4,66.8,3.7,16.9,236.0,65.9,644.3
62,26.7,20.7,69.67,3.5,16.6,234.3,55.6,580.0
63,26.3,20.8,71.77,4.0,14.8,234.1,47.2,462.4
64,25.9,20.9,73.95,4.0,12.6,235.1,43.9,365.6
65,25.4,20.9,76.17,3.8,10.8,236.7,40.5,204.0
66,24.4,20.4,78.4,3.7,8.6,233.3,46.1,77.1
67,23.4,21.1,86.93,3.5,3.6,211.3,58.3,4.7
68,22.7,21.2,91.25,4.3,1.8,144.1,62.1,0.0
69,22.0,20.9,93.48,4.8,2.2,84.4,64.7,0.0
70,21.6,20.5,93.46,5.2,3.2,70.9,68.8,0.0
71,21.4,20.3,93.46,5.1,3.2,79.2,73.1,0.0
72,21.1,20.3,95.19,4.9,2.5,111.7,76.7,0.0
73,20.8,20.2,96.37,4.4,3.2,143.7,76.1,0.0
74,20.4,19.9,96.95,3.7,3.6,157.5,73.0,0.0
75,20.1,19.7,97.55,3.2,3.6,167.5,65.1,0.0
76,19.9,19.6,98.16,2.7,3.2,174.3,55.4,0.0
77,19.7,19.4,98.15,2.2,3.2,177.0,41.2,0.0
78,19.9,19.5,97.55,1.7,4.0,174.7,36.4,24.7
79,20.7,19.7,94.0,1.5,6.1,181.6,39.0,128.2
80,21.6,19.9,90.06,1.6,7.6,194.2,35.6,295.9
81,22.8,20.1,84.76,1.8,9.7,205.0,24.6,491.1
82,23.9,20.3,80.3,3.0,12.2,209.2,12.4,652.3
83,24.7,20.6,77.97,3.8,14.8,208.2,19.2,785.3
84,24.9,20.8,77.99,4.0,15.5,207.1,23.2,803.5
85,25.1,21.0,78.02,4.6,16.2,206.6,26.0,731.3
86,25.3,21.3,78.53,5.0,17.3,206.8,25.9,757.3
87,24.7,21.4,81.9,4.2,17.6,209.9,42.7,500.4
88,24.0,21.4,85.4,3.4,17.6,213.9,42.0,366.5
89,23.3,21.3,88.54,2.4,16.9,216.5,41.6,219.0
90,22.4,21.3,93.5,1.7,14.4,216.1,39.6,88.2
91,21.6,21.2,97.58,1.7,9.7,211.1,39.4,6.4
92,21.2,20.9,98.17,1.6,8.3,205.7,36.5,0.0
93,20.9,20.7,98.78,1.3,6.5,199.6,34.4,0.0
94,20.6,20.4,98.77,0.9,5.0,194.6,36.0,0.0
95,20.2,20.1,99.38,0.7,4.0,186.0,35.0,0.0
96,20.1,19.9,98.77,0.3,2.9,175.2,35.6,0.0
97,20.2,19.7,96.95,0.1,1.8,164.1,36.4,0.0
98,20.3,19.5,95.16,0.0,0.4,200.4,33.7,0.0
99,20.3,19.2,93.4,0.0,0.7,266.5,30.0,0.0
100,20.4,18.8,90.54,0.0,0.7,10.0,26.9,0.0
101,20.4,18.6,89.41,0.1,0.7,7.4,27.3,0.0
102,20.6,19.1,91.12,0.1,0.4,287.9,33.2,38.8
103,21.9,19.9,88.42,0.3,2.9,235.9,34.0,173.8
104,22.9,20.0,83.72,0.3,7.6,222.1,29.9,332.4
105,24.0,20.2,79.32,0.0,10.1,215.1,32.8,521.3
106,25.1,20.2,74.27,0.0,12.2,211.1,26.9,652.3
107,25.8,20.2,71.24,0.0,14.8,209.8,28.0,717.8
108,26.2,20.2,69.57,0.0,17.6,209.6,42.9,732.8
109,25.9,20.3,71.26,0.0,19.1,212.2,48.5,624.5
110,25.4,20.5,74.32,0.0,19.8,216.9,45.5,521.0
111,25.4,20.5,74.32,0.0,19.1,223.3,36.6,542.5
112,24.8,20.4,76.55,0.0,17.6,228.9,41.1,337.5
113,24.2,20.5,79.84,0.0,14.8,233.0,38.1,231.7
114,23.3,20.8,85.86,0.0,10.1,235.8,34.9,94.8
115,22.0,20.9,93.48,0.0,5.0,240.1,21.2,8.6
116,21.6,20.3,92.32,0.0,3.2,260.3,18.2,0.0
117,21.4,20.0,91.74,0.0,2.9,321.2,18.7,0.0
118,20.9,19.7,92.85,0.0,4.3,353.5,20.0,0.0
119,20.3,19.3,93.99,0.0,5.4,10.4,31.6,0.0
,temp,dew,humidity,precip,windspeed,winddir,cloudcover,solarradiation
0,17.9,15.9,88.09,0.0,5.0,62.6,77.5,0.0
1,17.9,15.7,86.97,0.0,4.3,60.5,70.1,0.0
2,17.8,15.6,86.96,0.0,3.6,56.7,70.1,0.0
3,17.8,15.6,86.96,0.0,3.6,50.4,74.4,0.0
4,17.8,15.5,86.4,0.0,3.2,37.0,73.0,0.0
5,17.7,15.4,86.39,0.0,2.9,21.6,69.4,1.1
6,18.1,16.2,88.67,0.1,2.2,0.7,63.8,46.1
7,19.4,16.0,80.71,0.1,4.0,268.5,58.0,147.1
8,20.5,16.2,76.36,0.4,11.2,247.6,55.3,255.8
9,21.7,16.1,70.48,0.4,15.5,246.9,45.0,423.8
10,22.8,15.8,64.67,0.2,17.3,249.6,50.6,527.5
11,23.1,15.7,63.1,0.1,16.9,251.9,55.6,492.9
12,23.5,15.8,61.99,0.1,15.8,254.9,51.5,573.8
13,24.0,15.8,60.15,0.1,14.8,255.8,48.0,587.5
14,24.4,15.7,58.35,0.1,14.0,255.2,38.1,601.0
15,24.5,15.6,57.63,0.3,14.4,253.6,45.1,542.0
16,23.6,15.8,61.61,0.8,14.4,252.9,49.3,365.0
17,22.7,16.0,65.9,0.8,13.0,253.1,49.7,239.4
18,21.5,16.4,72.73,1.1,10.1,252.0,50.3,108.8
19,20.0,17.6,86.07,0.8,5.4,251.8,48.4,13.8
20,19.4,17.4,88.22,1.2,3.6,260.2,54.6,0.0
21,19.0,17.0,88.18,1.1,1.4,319.8,58.9,0.0
22,18.2,17.0,92.71,1.1,2.9,29.8,55.4,0.0
23,17.8,16.6,92.69,1.0,4.3,33.0,49.9,0.0
24,17.4,16.2,92.67,0.8,4.7,26.0,38.4,0.0
25,17.1,15.7,91.47,0.6,5.0,10.6,41.6,0.0
26,16.9,15.6,92.05,0.4,4.7,355.9,45.9,0.0
27,17.0,15.5,90.88,0.3,3.6,357.3,53.7,0.0
28,16.9,15.4,90.88,0.2,2.9,8.3,62.0,0.0
29,16.8,15.5,92.04,0.2,2.2,13.4,72.9,0.9
30,17.1,15.6,90.89,0.7,2.2,346.2,76.5,37.2
31,17.9,15.8,87.53,2.2,2.5,290.7,78.6,111.6
32,18.7,16.2,85.39,4.7,2.9,243.8,78.6,219.1
33,19.7,16.5,81.78,3.8,5.4,201.5,79.7,314.8
34,20.4,16.7,79.32,4.2,8.6,186.0,82.7,378.0
35,20.8,16.9,78.37,4.4,11.2,180.3,87.7,392.1
36,21.0,17.0,77.91,4.8,13.0,179.5,90.1,374.6
37,21.0,17.2,78.9,5.4,13.7,181.4,89.6,352.4
38,20.9,17.4,80.4,6.1,14.0,186.5,88.9,314.0
39,20.7,17.7,82.95,5.7,13.7,192.5,88.7,245.2
40,20.3,17.9,86.1,4.0,13.0,195.4,88.0,180.9
41,19.8,18.0,89.37,2.1,12.2,196.2,87.1,114.3
42,19.4,18.2,92.77,1.2,10.8,194.8,85.2,53.6
43,18.8,18.2,96.31,0.9,7.6,191.8,82.5,7.4
44,18.4,18.1,98.13,1.5,6.5,188.1,79.2,0.0
45,18.2,18.0,98.75,1.5,6.5,185.1,78.2,0.0
46,18.0,17.8,98.75,1.5,6.1,180.1,77.9,0.0
47,17.8,17.6,98.75,1.3,5.8,172.3,80.5,0.0
48,17.5,17.3,98.74,1.3,5.0,156.1,81.5,0.0
49,17.3,16.9,97.5,1.1,4.7,130.3,81.9,0.0
50,16.9,16.5,97.49,0.6,5.0,105.0,83.5,0.0
51,16.6,16.0,96.25,0.4,5.8,90.5,88.6,0.0
52,16.4,15.6,95.02,0.8,6.1,89.8,88.0,0.0
53,16.0,15.2,95.0,1.7,6.5,90.4,85.9,1.0
54,16.4,15.0,91.43,3.9,9.4,94.8,83.6,49.2
55,16.9,15.1,89.14,8.2,12.6,96.6,84.6,158.0
56,17.7,15.8,88.64,13.1,13.7,103.0,85.6,285.0
57,18.6,16.3,86.48,5.1,15.8,120.0,86.7,338.4
58,19.2,16.6,84.91,5.6,18.4,130.0,89.4,389.5
59,19.5,16.8,84.4,6.0,20.5,137.7,89.9,381.1
60,19.6,17.1,85.49,6.1,21.6,142.9,88.5,377.4
61,19.6,17.2,86.03,6.1,22.0,145.9,85.7,350.3
62,19.7,17.4,86.59,6.2,21.2,148.5,78.0,335.0
63,19.8,17.7,87.69,7.1,19.4,150.3,72.7,311.0
64,19.8,17.8,88.25,7.3,16.9,153.4,69.9,242.0
65,19.6,17.9,89.92,7.0,14.8,156.5,70.1,166.8
66,19.1,18.0,93.34,5.8,11.2,158.2,67.0,79.1
67,18.4,17.9,96.91,5.3,6.8,155.1,65.6,10.7
68,17.8,17.5,98.13,5.5,6.5,148.4,68.3,0.0
69,17.6,17.3,98.12,5.4,6.1,135.2,77.8,0.0
70,17.3,16.9,97.5,5.2,7.2,113.1,77.5,0.0
71,17.0,16.2,95.04,5.3,9.4,94.5,75.0,0.0
72,16.5,15.5,93.81,5.6,10.8,84.9,77.6,0.0
73,15.8,14.7,93.18,5.6,10.8,81.7,85.3,0.0
74,15.4,14.2,92.56,5.6,11.5,86.5,88.8,0.0
75,15.0,13.7,91.93,5.9,14.8,95.6,91.0,0.0
76,14.9,13.5,91.33,6.2,19.4,103.7,90.1,0.0
77,15.0,13.5,90.75,6.4,24.1,109.4,91.3,1.0
78,15.1,13.7,91.35,6.5,24.8,109.2,89.0,39.9
79,15.5,13.9,90.19,7.0,25.2,104.7,88.9,134.5
80,16.1,14.2,88.5,7.2,27.4,102.4,84.9,234.3
81,16.9,14.7,86.87,1.8,27.4,105.7,84.9,301.6
82,17.9,15.6,86.41,1.7,25.9,115.0,86.2,364.5
83,18.9,16.6,86.51,1.4,26.3,126.8,84.8,437.6
84,19.8,17.2,84.97,1.3,31.7,137.6,83.7,467.0
85,20.2,17.0,81.85,1.0,36.4,139.6,89.3,468.3
86,20.6,17.0,79.85,0.8,36.7,137.2,95.0,553.8
87,20.5,17.1,80.85,0.5,36.4,136.8,94.4,455.9
88,20.0,17.1,83.39,0.4,34.6,137.3,96.4,311.4
89,19.1,17.1,88.19,0.3,28.8,136.1,97.4,157.3
90,18.3,17.1,92.72,0.4,22.0,135.4,97.3,75.4
91,17.8,17.0,95.07,0.4,19.1,142.3,96.6,10.2
92,17.6,17.0,96.28,0.4,18.4,149.7,95.4,0.0
93,17.5,17.0,96.89,0.3,16.9,154.2,90.0,0.0
94,17.4,17.0,97.5,0.2,13.0,158.1,82.2,0.0
95,17.2,16.8,97.5,0.2,8.6,163.3,79.0,0.0
96,17.0,16.7,98.11,0.3,6.5,168.0,77.5,0.0
97,16.9,16.6,98.11,0.4,5.4,173.5,76.3,0.0
98,16.7,16.6,99.37,0.4,4.0,185.7,73.4,0.0
99,16.6,16.4,98.74,0.5,3.6,207.0,71.1,0.0
100,16.6,16.4,98.74,0.7,3.6,217.0,66.6,0.0
101,16.4,16.3,99.37,0.9,4.0,213.0,62.9,1.2
102,17.2,16.7,96.88,1.1,4.0,205.9,65.6,49.9
103,18.2,17.0,92.71,1.1,5.0,206.3,62.0,135.1
104,19.0,17.2,89.31,1.0,6.1,211.5,66.7,239.8
105,19.9,17.4,85.52,0.0,9.4,217.1,64.6,313.1
106,20.7,17.4,81.39,0.0,14.4,221.7,70.4,396.8
107,21.0,17.2,78.9,0.0,19.4,225.9,76.7,401.5
108,21.3,17.0,76.49,0.0,22.3,227.6,78.4,497.4
109,21.4,16.7,74.59,0.0,22.3,227.5,77.8,490.4
110,21.2,16.5,74.55,0.0,20.9,227.4,74.2,437.1
111,20.8,16.3,75.44,0.0,18.4,230.6,71.8,352.5
112,20.3,16.3,77.8,0.0,15.5,234.2,65.7,257.9
113,19.9,16.3,79.75,0.0,13.0,237.4,61.4,183.9
114,19.1,16.4,84.36,0.0,9.4,239.0,54.6,86.7
115,18.1,16.8,92.12,0.0,5.0,239.7,53.6,11.2
116,17.5,16.5,93.86,0.0,4.0,245.4,51.4,0.0
117,17.1,16.2,94.44,0.0,3.2,264.0,49.6,0.0
118,16.8,15.9,94.43,0.0,2.9,294.7,48.4,0.0
119,16.5,15.5,93.81,0.0,3.2,310.5,46.2,0.0
120,16.2,15.0,92.6,0.0,3.6,314.5,47.3,0.0
121,16.0,14.5,90.81,0.0,3.6,316.9,42.1,0.0
122,15.7,14.1,90.21,0.0,4.3,320.5,39.5,0.0
123,15.4,13.7,89.6,0.0,5.0,327.7,39.7,0.0
124,15.2,13.2,87.85,0.0,5.4,334.2,37.8,0.0
125,15.0,12.6,85.56,0.0,5.8,333.6,36.9,1.6
126,16.1,13.5,84.57,0.0,5.0,322.1,37.9,70.8
127,18.1,13.5,74.51,0.0,7.9,292.1,35.2,216.7
128,19.6,14.2,71.0,0.0,10.8,270.4,22.8,403.5
129,20.8,14.7,68.09,0.0,13.0,256.5,14.7,627.3
130,21.7,15.0,65.69,0.0,13.3,247.8,13.7,778.5
131,22.4,15.5,65.0,0.0,13.3,244.2,14.1,895.8
132,23.0,15.8,63.89,0.1,13.3,241.8,9.2,909.8
133,23.5,16.0,62.78,0.1,14.0,239.7,11.2,921.8
134,23.5,16.0,62.78,0.1,14.8,238.6,19.4,810.5
135,23.2,16.0,63.93,0.1,15.1,239.1,27.9,653.8
136,22.5,16.2,67.56,0.1,15.1,240.4,35.0,449.1
137,21.6,16.4,72.29,0.0,14.8,241.4,33.6,306.0
138,20.4,16.7,79.32,0.0,12.6,240.4,34.6,139.0
139,18.8,17.2,90.43,0.0,7.6,239.7,42.4,17.2
140,17.9,17.2,95.68,0.0,5.4,244.3,43.5,0.0
141,17.6,16.9,95.67,0.0,5.0,255.5,41.9,0.0
142,17.3,16.7,96.27,0.0,5.0,265.0,39.0,0.0
143,17.0,16.3,95.65,0.0,5.0,268.6,33.3,0.0
,temp,dew,humidity,precip,windspeed,winddir,cloudcover,solarradiation
0,27.0,26.0,94.27,0.0,0.0,0.0,89.2,0.0
1,27.0,26.0,94.27,0.0,5.4,40.0,89.2,0.0
2,27.0,26.0,94.3,0.0,5.4,54.0,88.8,0.0
3,27.1,26.1,94.28,0.0,0.0,69.8,90.0,0.0
4,27.0,26.0,94.27,0.0,0.0,0.0,89.2,0.0
5,26.6,26.0,96.57,0.0,0.0,0.0,50.0,0.0
6,26.0,26.0,100.0,0.0,0.0,0.0,50.0,1.9
7,27.1,27.1,100.0,0.0,0.0,75.0,50.0,54.1
8,28.0,27.0,94.24,0.0,5.3,87.0,52.6,144.8
9,29.0,27.0,88.99,0.0,7.6,90.0,50.0,228.4
10,30.1,27.1,84.01,0.0,7.6,90.0,50.0,336.3
11,30.5,26.0,77.04,0.0,7.5,85.0,51.2,384.9
12,31.4,26.0,73.12,0.0,4.6,12.0,50.0,400.5
13,33.1,25.1,62.94,0.0,7.6,80.0,50.0,402.4
14,32.6,25.6,66.76,0.0,8.5,74.0,51.2,362.9
15,33.0,24.0,59.26,0.4,0.0,0.0,50.0,296.8
16,33.0,24.4,60.7,0.0,3.0,280.0,50.0,214.6
17,33.0,25.4,64.56,0.0,8.4,299.0,49.6,125.5
18,32.0,25.0,66.57,0.3,7.6,10.0,50.0,34.7
19,31.6,25.4,69.73,0.0,7.6,314.0,50.0,0.0
20,30.0,27.0,83.87,0.0,5.2,328.0,28.1,0.0
21,30.0,26.4,81.08,0.0,3.3,330.0,28.0,0.0
22,29.6,27.0,85.95,0.0,6.7,70.0,28.0,0.0
23,29.0,27.0,88.95,0.0,4.5,98.0,28.5,0.0
24,29.0,27.0,88.99,0.0,6.7,86.0,50.0,0.0
25,29.0,27.0,88.99,0.0,5.4,102.0,50.0,0.0
26,28.0,27.0,94.16,0.0,8.3,136.0,49.6,0.0
27,28.0,26.4,91.03,0.0,3.3,96.0,65.1,0.0
28,28.0,27.0,94.32,0.0,0.0,0.0,89.2,0.0
29,27.6,26.6,94.19,0.026,5.1,108.0,88.8,0.0
30,27.0,26.0,94.27,0.0,9.4,80.0,89.2,2.4
31,27.0,26.0,94.27,0.0,11.2,140.0,88.0,77.6
32,28.0,26.0,88.77,0.0,11.5,90.0,89.2,233.1
33,29.0,26.0,83.9,0.0,14.4,84.0,89.2,405.0
34,30.4,25.6,75.61,0.0,17.6,106.0,89.2,585.3
35,31.2,25.0,69.66,0.0,20.0,90.0,87.2,704.5
36,32.0,24.6,65.02,0.0,22.3,86.0,89.2,718.8
37,33.0,25.0,62.93,0.0,20.7,90.0,89.2,686.5
38,33.1,24.1,59.34,0.0,19.2,84.0,88.0,599.8
39,33.0,24.0,59.28,0.0,18.9,96.0,89.2,467.0
40,33.0,24.0,59.28,0.0,15.5,74.0,89.2,307.4
41,32.6,25.0,64.34,0.0,15.3,78.0,88.0,164.5
42,32.0,25.0,66.58,0.0,15.8,74.0,74.1,45.4
43,31.0,25.6,73.05,0.0,12.2,70.0,89.2,0.0
44,30.1,25.1,74.67,0.0,9.2,70.0,49.3,0.0
45,29.6,25.0,76.35,0.0,9.4,70.0,50.0,0.0
46,29.0,25.0,79.06,0.0,11.9,90.0,50.0,0.0
47,29.0,25.0,79.12,0.0,16.3,103.0,88.8,0.0
48,28.0,26.0,88.92,0.0,8.6,100.0,89.2,0.0
49,28.0,26.0,88.92,0.0,8.3,90.0,50.0,0.0
50,28.0,25.4,85.83,0.0,11.5,80.0,50.4,0.0
51,28.0,26.0,88.92,0.0,9.7,64.0,50.0,0.0
52,28.0,26.0,88.92,0.0,14.8,78.0,50.0,0.0
53,27.6,26.0,90.91,0.0,13.8,89.0,49.6,0.0
54,27.0,26.0,94.27,0.0,13.7,80.0,50.0,2.3
55,27.6,26.0,91.0,0.0,16.2,84.0,50.0,66.4
56,28.0,26.0,88.77,0.0,17.2,99.0,51.6,199.5
57,28.4,26.0,86.88,0.0,18.4,96.0,65.1,352.5
58,30.0,25.0,74.63,0.0,18.2,100.0,89.2,502.4
59,31.0,25.0,70.45,0.0,17.8,109.0,88.8,616.8
60,31.0,25.0,70.48,0.0,17.8,102.0,89.2,541.3
61,31.4,25.0,68.9,0.0,20.0,110.0,89.2,382.3
62,32.1,25.7,68.93,0.0,17.7,109.0,88.8,343.3
63,31.6,25.6,70.59,0.0,17.6,114.0,89.2,298.1
64,31.1,26.1,74.8,0.0,18.4,110.0,90.0,193.6
65,31.1,25.1,70.31,0.0,14.5,119.0,87.6,108.0
66,30.6,25.4,73.82,0.0,10.4,100.0,74.1,33.3
67,26.3,25.2,93.68,0.0,7.9,115.0,82.3,0.0
68,29.6,25.4,78.2,0.0,7.3,116.0,50.0,0.0
69,29.0,25.4,80.95,0.0,7.6,112.0,50.0,0.0
70,29.0,25.0,79.06,0.0,5.4,116.0,50.0,0.0
71,28.0,26.0,88.75,0.0,6.9,104.0,49.2,0.0
72,28.0,26.0,88.92,0.0,8.3,96.0,50.0,0.0
73,28.0,27.0,94.32,0.0,8.6,94.0,50.0,0.0
74,27.1,27.0,99.12,0.0,7.3,110.0,52.6,0.0
75,27.1,27.1,100.0,0.0,7.6,100.0,50.0,0.0
76,27.0,26.0,94.27,0.0,6.3,100.0,50.0,0.0
77,27.0,26.0,94.05,0.0,6.6,90.0,51.6,0.0
78,27.1,26.1,94.28,0.0,5.4,100.0,90.0,3.1
79,28.0,27.0,94.32,0.0,6.7,80.0,50.0,114.6
80,29.4,26.0,81.99,0.0,5.2,118.0,49.6,328.8
81,31.0,25.0,70.47,0.0,7.6,120.0,50.0,535.0
82,32.1,26.1,70.67,0.0,9.4,130.0,50.0,696.8
83,32.1,25.1,66.4,0.0,9.4,129.0,88.0,813.5
84,32.4,25.0,65.11,0.0,9.4,158.0,89.2,848.3
85,33.0,24.6,61.46,0.0,9.4,140.0,89.2,822.5
86,34.0,24.0,56.03,0.0,10.2,176.0,87.2,750.3
87,34.1,24.1,56.06,0.0,9.4,190.0,90.0,602.3
88,33.0,25.0,62.92,0.0,7.6,150.0,88.0,430.3
89,34.0,25.1,59.62,0.0,10.8,91.0,86.7,209.3
90,32.6,25.0,64.35,0.0,8.6,290.0,89.2,47.2
91,32.1,25.1,66.59,0.0,5.4,280.0,90.0,0.0
92,31.0,25.1,70.7,0.0,0.0,0.0,50.0,0.0
93,31.0,25.0,70.48,0.0,0.0,0.0,50.0,0.0
94,31.0,25.0,70.48,0.0,0.0,0.0,50.0,0.0
95,30.6,25.1,72.53,0.0,6.0,234.0,50.0,0.0
96,30.0,25.0,74.63,0.0,6.7,240.0,50.0,0.0
97,29.6,26.0,81.03,0.0,6.3,246.0,50.0,0.0
98,29.0,26.1,83.93,0.0,7.1,240.0,50.7,0.0
99,28.0,26.0,88.91,0.0,5.4,250.0,50.0,0.0
100,28.1,26.1,88.92,0.0,5.4,260.0,50.0,0.0
101,27.1,26.0,93.73,0.0,7.1,250.0,52.0,0.0
102,27.0,26.0,94.27,0.0,0.0,0.0,50.0,2.2
103,27.0,26.0,94.27,0.0,3.0,270.0,50.0,100.5
104,28.4,26.4,88.95,0.0,9.3,274.0,50.0,300.0
105,30.0,27.0,84.01,0.0,10.1,270.0,50.0,484.9
106,31.4,26.4,74.85,0.0,9.4,266.0,89.2,650.5
107,32.5,25.4,66.36,0.0,11.3,281.0,73.1,747.5
108,33.0,25.0,62.93,0.0,12.2,274.0,89.2,797.3
109,33.1,25.1,62.94,0.0,11.2,280.0,90.0,790.0
110,34.4,26.2,62.47,0.0,16.6,290.0,50.0,671.8
111,34.0,26.0,63.13,0.0,11.2,270.0,88.0,541.0
112,34.6,26.0,61.06,0.0,12.2,274.0,89.2,366.6
113,34.1,25.6,61.42,0.0,9.4,271.0,49.6,181.9
114,33.2,25.6,64.48,0.0,10.1,270.0,50.0,44.8
115,31.1,25.1,70.48,0.0,9.4,270.0,50.0,0.0
116,30.1,25.9,78.32,0.0,6.8,280.0,83.4,0.0
117,29.6,26.0,81.03,0.0,9.0,272.0,89.2,0.0
118,29.0,25.6,81.95,0.0,5.4,270.0,89.2,0.0
119,29.1,25.1,79.02,0.0,5.0,260.0,86.7,0.0
120,30.1,24.1,70.3,0.0,0.0,246.3,90.0,0.0
121,26.2,24.7,91.47,0.0,8.3,258.7,20.1,0.0
122,29.4,26.1,82.46,0.0,0.0,270.3,60.0,0.0
123,27.1,26.1,94.28,0.0,9.4,260.0,90.0,0.0
124,27.0,26.0,94.27,0.0,5.4,250.0,88.0,0.0
125,27.1,25.9,93.37,0.0,8.5,250.0,85.3,0.0
126,27.4,26.0,92.1,0.0,7.8,238.0,89.2,2.1
127,27.0,26.0,94.27,0.0,3.3,276.0,89.2,91.6
128,26.0,23.4,85.72,0.0,14.2,84.0,89.2,260.3
129,26.4,24.0,86.7,0.0,3.0,210.0,89.2,413.0
130,29.4,25.0,77.27,0.0,9.0,166.0,50.0,529.3
131,29.1,25.0,78.6,0.0,7.9,150.0,51.6,609.0
132,31.0,25.4,72.16,0.0,0.0,0.0,65.1,594.3
133,32.0,25.0,66.58,0.0,8.3,66.0,89.2,506.6
134,32.1,24.1,62.91,0.0,7.6,43.0,90.0,302.5
135,30.0,26.1,79.66,0.0,8.6,143.7,94.8,184.6
136,25.0,25.0,100.0,0.0,11.2,20.0,88.0,108.7
137,26.1,25.2,94.8,35.0,7.6,360.0,100.0,53.7
138,25.6,25.0,96.48,0.0,9.4,10.0,94.0,13.8
139,25.0,25.0,100.0,0.0,9.7,50.0,100.0,0.0
140,25.4,25.4,99.88,0.0,3.1,36.0,100.0,0.0
141,26.0,26.0,100.0,0.0,3.0,160.0,100.0,0.0
142,26.1,26.1,100.0,0.0,0.0,151.8,100.0,0.0
143,26.0,26.0,99.93,0.0,0.0,0.0,89.2,0.0
144,26.0,26.0,100.0,0.0,0.0,0.0,89.2,0.0
145,26.0,26.0,100.0,0.0,0.0,0.0,89.2,0.0
146,26.1,26.0,99.81,0.0,0.0,168.6,90.0,0.0
147,26.1,26.1,100.0,0.0,0.0,164.7,90.0,0.0
148,26.0,26.0,100.0,0.0,5.4,276.0,89.2,0.0
149,26.0,26.0,99.93,0.0,3.1,306.0,89.6,0.0
150,26.0,26.0,100.0,0.0,0.0,0.0,89.2,1.0
151,25.7,24.9,95.35,0.0,3.6,204.3,64.0,60.9
152,27.0,26.0,94.34,0.0,2.1,290.0,89.6,237.2
153,27.1,26.1,94.28,0.0,9.4,310.0,90.0,411.6
154,26.0,26.0,100.0,0.0,10.4,74.0,89.2,546.5
155,27.8,25.2,85.97,0.328,9.5,104.0,73.5,628.0
156,30.1,25.1,74.64,0.0,5.4,80.0,50.0,667.0
157,31.0,25.0,70.48,0.0,6.3,36.0,50.0,633.5
158,30.7,24.4,69.42,0.0,7.5,102.0,51.2,585.8
159,31.0,25.0,70.48,0.0,8.3,90.0,50.0,329.9
160,32.1,25.1,66.59,0.0,5.4,90.0,90.0,213.8
161,31.0,25.1,70.75,0.0,5.2,92.0,64.9,101.7
162,30.1,25.1,74.64,0.0,7.6,130.0,90.0,20.3
163,30.0,25.6,77.36,0.0,8.3,174.0,50.0,0.0
164,29.0,25.1,79.2,0.0,0.0,0.0,51.2,0.0
165,29.1,26.1,83.9,0.0,0.0,347.9,50.0,0.0
166,28.6,26.4,87.89,0.0,0.0,0.0,50.0,0.0
167,27.6,26.4,92.87,0.0,2.1,240.0,50.0,0.0
168,27.0,26.6,97.69,0.0,10.8,244.0,65.1,0.0
169,26.6,24.6,88.81,0.0,11.0,294.0,89.2,0.0
170,26.1,24.2,89.15,0.0,5.0,270.0,88.0,0.0
171,25.0,24.0,94.19,0.2,0.0,0.0,50.0,0.0
172,25.0,24.0,94.19,0.0,0.0,0.0,50.0,0.0
173,25.1,24.1,94.23,0.0,0.0,284.0,49.3,0.0
174,24.1,24.1,100.0,0.0,5.4,270.0,50.0,1.7
175,25.1,24.1,94.19,0.0,7.6,270.0,50.0,99.0
176,26.0,24.0,88.59,0.0,10.1,278.0,49.6,310.4
177,27.4,24.0,81.75,0.0,12.6,284.0,50.0,526.5
178,28.4,24.4,78.98,0.0,13.0,294.0,74.1,706.3
179,29.5,25.0,76.9,0.0,13.7,260.0,49.6,832.8
180,30.4,25.0,72.95,0.0,15.5,264.0,65.1,888.3
181,31.1,26.1,74.8,0.0,16.6,280.0,90.0,872.3
182,31.1,25.0,70.07,0.0,14.9,287.0,87.2,785.3
183,32.1,25.1,66.59,0.0,14.8,290.0,90.0,645.5
184,31.6,25.0,68.1,0.0,16.6,286.0,89.2,387.4
185,31.0,25.0,70.48,0.0,15.2,280.0,87.2,213.8
186,29.6,24.6,74.57,0.0,11.9,278.0,50.0,52.0
187,29.1,25.1,79.07,0.0,9.4,280.0,50.0,0.0
188,29.0,25.0,79.12,0.0,8.3,290.0,50.4,0.0
189,28.1,25.1,83.79,0.0,5.4,280.0,50.0,0.0
190,28.0,25.0,83.79,0.0,7.6,268.0,50.0,0.0
191,28.0,25.4,85.77,0.0,8.6,272.0,65.7,0.0
,temp,dew,humidity,precip,windspeed,winddir,cloudcover,solarradiation
0,17.3,16.6,95.66,0.0,4.7,70.0,18.2,0.0
1,17.1,16.2,94.44,0.0,4.7,63.5,14.5,0.0
2,17.0,15.8,92.64,0.0,4.3,56.2,10.7,0.0
3,16.9,15.4,90.88,0.0,4.3,51.2,8.4,0.0
4,16.9,15.0,88.57,0.0,4.3,46.0,7.0,0.0
5,17.0,14.6,85.77,0.0,4.3,37.9,6.2,0.0
6,17.1,14.2,83.05,0.0,4.0,30.4,6.6,16.0
7,19.0,16.0,82.75,0.0,2.9,21.7,8.5,183.5
8,21.8,16.7,72.78,0.0,4.0,226.5,8.4,410.4
9,22.9,17.3,70.71,0.0,8.6,216.8,10.6,616.8
10,23.7,17.9,69.97,0.0,10.1,213.5,8.9,770.3
11,24.2,18.2,69.19,0.0,11.5,212.1,10.0,868.3
12,24.5,18.4,68.82,0.0,12.6,211.8,12.6,892.3
13,24.5,18.6,69.68,0.0,13.3,212.3,15.5,834.8
14,24.3,18.5,70.08,0.0,13.7,214.5,19.4,722.0
15,23.8,18.6,72.68,0.0,13.3,217.7,30.2,554.0
16,23.1,18.8,76.77,0.0,12.6,221.7,33.3,361.0
17,22.0,19.1,83.62,0.0,11.5,224.6,43.7,189.5
18,20.8,19.5,92.27,0.0,7.6,221.2,49.8,34.0
19,20.0,19.5,96.95,0.0,4.7,214.8,59.1,0.0
20,19.8,19.5,98.15,0.0,4.0,213.5,64.7,0.0
21,19.6,19.4,98.76,0.0,4.7,216.2,69.9,0.0
22,19.5,19.3,98.76,0.0,5.8,216.3,76.7,0.0
23,19.4,19.2,98.76,0.0,8.3,209.8,79.5,0.0
24,19.3,19.0,98.15,0.0,11.5,206.4,82.7,0.0
25,19.0,18.8,98.76,0.0,13.3,205.8,87.6,0.0
26,18.7,18.5,98.76,0.0,13.3,208.0,92.4,0.0
27,18.6,18.4,98.75,0.0,12.2,206.4,95.4,0.0
28,18.4,18.2,98.75,0.0,9.0,203.7,95.7,0.0
29,18.2,18.1,99.37,0.0,6.5,205.5,94.6,0.0
30,18.0,18.1,100.0,0.0,6.1,210.4,93.3,2.1
31,18.7,18.4,98.14,0.0,7.6,213.2,93.9,31.1
32,19.5,18.7,95.13,0.0,11.2,215.5,94.7,93.2
33,20.1,18.9,92.81,0.0,13.0,211.8,95.6,150.3
34,20.5,19.0,91.11,0.0,15.1,212.0,95.8,199.9
35,20.8,19.1,90.0,0.0,17.3,213.6,95.3,229.6
36,20.9,19.2,90.01,0.1,19.1,215.9,95.5,246.1
37,20.7,19.2,91.13,0.1,20.2,217.2,95.5,215.1
38,20.5,19.1,91.68,0.1,20.2,217.3,95.6,190.6
39,20.4,19.1,92.25,0.1,20.2,217.2,96.2,168.2
40,20.0,19.0,93.97,0.1,18.4,214.3,96.5,118.2
41,19.7,19.1,96.34,0.1,14.0,206.3,96.9,60.0
42,19.3,19.0,98.15,0.1,10.1,193.1,97.4,8.8
43,19.0,18.9,99.38,0.0,9.7,192.0,97.3,0.0
44,18.9,18.8,99.38,0.0,10.8,186.7,97.3,0.0
45,18.9,18.7,98.76,0.0,11.9,177.2,98.0,0.0
46,18.7,18.5,98.76,0.0,13.7,172.0,98.2,0.0
47,18.5,18.3,98.75,0.0,15.5,167.5,98.2,0.0
48,18.0,17.8,98.75,0.0,13.0,159.0,97.7,0.0
49,17.4,17.2,98.74,0.0,10.4,147.9,98.2,0.0
50,16.8,16.5,98.11,0.0,9.0,128.2,97.4,0.0
51,16.3,15.8,96.86,0.0,9.0,106.0,96.9,0.0
52,15.9,15.0,94.39,0.0,8.6,88.9,96.9,0.0
53,15.4,14.3,93.16,0.0,7.2,73.6,96.3,0.0
54,15.2,14.0,92.55,0.0,6.5,60.9,96.8,3.2
55,15.9,14.3,90.22,0.0,6.1,59.0,96.4,43.9
56,17.2,14.5,84.14,0.0,5.8,70.3,97.0,133.1
57,18.7,15.0,79.08,0.0,5.4,133.0,94.2,247.9
58,19.7,15.5,76.72,0.2,8.6,171.6,88.2,357.1
59,20.5,16.0,75.39,0.4,10.1,183.1,72.0,475.5
60,21.2,16.6,75.03,0.6,10.8,190.1,61.6,568.8
61,21.7,17.0,74.64,0.9,11.5,195.2,50.0,595.8
62,21.8,17.3,75.6,1.2,12.2,198.7,45.5,563.8
63,21.5,17.5,77.98,1.3,12.6,200.9,47.6,442.8
64,21.0,17.6,80.92,1.3,12.2,202.8,47.6,291.0
65,20.2,17.8,86.09,1.0,10.4,202.1,53.2,146.9
66,19.1,18.0,93.34,0.7,6.1,196.9,61.7,26.1
67,18.4,17.8,96.3,0.6,4.3,185.5,66.5,0.0
68,18.2,17.7,96.9,0.7,4.0,169.3,77.7,0.0
69,17.8,17.5,98.13,0.7,4.7,163.8,82.0,0.0
70,17.4,17.1,98.12,0.8,5.0,151.6,97.7,0.0
71,17.1,16.7,97.5,0.9,5.8,139.0,97.8,0.0
72,17.0,16.3,95.65,1.0,5.4,125.4,96.5,0.0
73,16.3,15.7,96.24,1.0,5.4,85.6,96.2,0.0
74,15.9,15.2,95.61,1.1,6.5,67.0,96.7,0.0
75,15.5,14.6,94.37,1.0,6.8,60.4,96.1,0.0
76,15.1,14.2,94.36,0.8,6.8,54.7,96.3,0.0
77,15.0,13.8,92.53,0.7,7.2,48.9,96.2,0.0
78,14.7,13.4,91.92,0.5,8.3,47.0,96.5,2.5
79,14.9,13.1,88.98,0.4,10.1,49.6,97.0,35.3
80,15.4,13.0,85.61,0.6,11.2,57.4,96.9,87.7
81,16.4,13.6,83.51,0.4,9.4,71.0,96.8,154.9
82,17.8,14.9,83.13,0.5,5.8,106.4,96.0,273.5
83,19.5,16.6,83.33,0.7,6.8,172.5,95.6,382.6
84,21.1,18.1,83.0,1.0,12.6,196.3,89.0,533.8
85,22.1,18.6,80.56,1.1,15.8,205.5,83.9,648.8
86,22.5,18.7,79.11,1.0,16.6,213.0,82.3,617.8
87,22.2,18.8,81.08,1.0,15.8,218.4,75.7,433.0
88,21.5,19.1,86.22,1.0,15.8,221.9,78.7,294.8
89,20.6,19.4,92.84,0.8,13.7,220.1,87.6,116.7
90,19.9,19.5,97.55,0.6,10.4,213.1,87.0,18.9
91,19.5,19.3,98.76,0.5,11.2,210.6,88.4,0.0
92,19.3,19.1,98.76,0.6,12.2,206.2,91.7,0.0
93,19.1,18.9,98.76,0.5,11.9,201.6,93.7,0.0
94,18.7,18.6,99.38,0.4,9.0,200.5,93.5,0.0
95,18.4,18.3,99.37,0.4,7.2,200.7,92.0,0.0
96,18.3,18.3,100.0,0.4,6.1,195.8,94.9,0.0
97,18.3,18.2,99.37,0.4,6.5,194.1,96.4,0.0
98,18.3,18.1,98.75,0.4,6.8,202.4,97.3,0.0
99,18.1,18.0,99.37,0.4,6.5,209.2,98.0,0.0
100,17.8,17.7,99.37,0.5,6.5,212.2,98.1,0.0
101,17.8,17.7,99.37,0.5,6.8,214.4,97.8,0.0
102,17.9,17.7,98.75,0.5,8.6,214.8,96.4,2.5
103,18.5,18.2,98.14,0.5,10.4,217.5,96.0,44.0
104,19.0,18.5,96.92,0.6,13.0,226.0,94.7,112.5
105,19.5,18.6,94.54,0.9,15.8,235.2,88.9,231.4
106,20.2,18.7,91.09,1.1,17.6,238.6,89.1,341.6
107,20.8,18.8,88.33,1.0,19.8,237.7,89.2,403.5
108,21.6,19.0,85.16,1.0,22.3,238.3,86.7,516.5
109,22.0,19.1,83.62,1.0,24.8,238.3,85.9,546.0
110,21.8,19.2,85.18,1.0,25.9,238.3,88.4,429.6
111,21.4,19.4,88.38,1.2,25.6,238.6,84.9,373.5
112,20.8,19.3,91.13,1.2,23.8,238.1,84.3,203.3
113,20.1,19.4,95.75,1.1,20.2,233.2,89.7,94.5
114,19.6,19.3,98.15,0.9,17.3,224.2,95.4,17.5
115,19.3,19.0,98.15,0.9,15.8,220.5,95.9,0.0
116,19.1,18.9,98.76,1.1,14.4,220.2,95.9,0.0
117,19.1,18.9,98.76,1.0,15.8,219.4,95.3,0.0
118,19.0,18.8,98.76,1.0,15.1,216.8,95.9,0.0
119,18.8,18.5,98.14,0.9,14.8,214.3,96.4,0.0
120,18.6,18.4,98.75,0.9,14.8,213.2,96.0,0.0
121,18.4,18.1,98.13,1.0,13.3,213.5,96.4,0.0
122,18.0,17.8,98.75,1.0,11.9,209.9,96.6,0.0
123,17.7,17.5,98.75,0.9,11.5,202.5,96.1,0.0
124,17.6,17.4,98.75,0.8,12.6,196.8,96.0,0.0
125,17.6,17.4,98.75,0.7,13.3,192.3,96.4,0.0
126,17.6,17.3,98.12,0.5,13.7,187.1,95.6,1.9
127,17.9,17.6,98.13,0.5,14.0,185.4,95.3,32.2
128,18.5,18.0,96.91,0.6,14.8,180.8,94.4,81.6
129,19.1,18.4,95.72,0.3,15.5,181.0,93.3,139.4
130,19.4,18.3,93.36,0.4,14.4,180.7,92.7,191.1
131,19.6,17.7,88.79,0.5,13.0,178.6,92.9,239.8
132,19.9,17.3,84.98,0.6,11.2,176.8,93.7,310.5
133,20.4,17.2,81.87,0.8,10.4,179.9,94.4,386.1
134,20.6,17.2,80.87,0.8,9.7,186.4,94.1,327.9
135,20.6,17.6,82.94,0.9,9.4,194.4,96.3,288.4
136,20.0,18.0,88.27,1.0,8.3,201.6,96.7,163.8
137,19.3,18.2,93.35,0.9,6.1,208.9,97.1,64.0
138,18.9,18.2,95.71,0.9,4.7,211.3,97.4,12.4
139,18.5,18.0,96.91,1.0,6.1,222.1,97.3,0.0
140,18.0,17.5,96.9,1.1,7.2,234.0,95.7,0.0
141,17.8,17.5,98.13,0.9,6.1,231.7,95.4,0.0
142,17.8,17.6,98.75,0.9,6.8,229.3,94.4,0.0
143,17.9,17.7,98.75,0.8,9.0,232.1,93.8,0.0
144,18.0,17.8,98.75,0.8,11.5,234.3,94.3,0.0
145,18.1,17.9,98.75,0.7,11.9,236.2,93.9,0.0
146,17.9,17.7,98.75,0.6,11.2,236.5,93.8,0.0
147,17.6,17.4,98.75,0.5,9.7,236.8,94.5,0.0
148,17.3,17.2,99.37,0.4,8.3,237.9,90.6,0.0
149,17.2,17.1,99.37,0.3,7.9,236.8,71.7,0.0
150,17.2,17.0,98.74,0.2,8.3,237.2,60.7,4.4
151,18.3,17.8,96.91,0.2,11.2,236.1,46.9,85.4
152,19.1,18.3,95.12,0.2,14.0,237.3,45.2,225.2
153,19.9,18.5,91.65,0.2,15.8,242.3,45.9,356.4
154,20.9,18.5,86.16,0.3,18.4,247.6,33.5,475.5
155,21.8,18.6,82.05,0.4,20.2,251.4,35.8,618.3
156,22.3,18.5,79.09,0.6,20.5,252.3,37.5,632.0
157,22.5,18.7,79.11,0.7,20.9,250.8,44.5,620.3
158,22.3,18.9,81.09,0.7,21.2,249.2,46.9,537.5
159,21.7,19.2,85.7,0.6,20.9,247.3,56.0,353.6
160,21.2,19.5,90.03,0.4,20.2,245.4,54.1,239.9
161,20.7,19.7,94.0,0.4,18.0,240.8,61.4,118.2
162,20.2,19.8,97.55,0.3,14.8,234.9,74.7,17.2
163,19.9,19.7,98.77,0.3,15.8,235.7,89.6,0.0
164,19.6,19.4,98.76,0.3,16.2,235.7,95.0,0.0
165,19.2,19.0,98.76,0.3,15.5,235.1,95.4,0.0
166,18.9,18.6,98.14,0.3,14.0,235.7,95.7,0.0
167,18.5,18.3,98.75,0.3,13.0,235.0,95.8,0.0
168,18.3,18.0,98.13,0.3,12.6,234.6,95.6,0.0
169,18.0,17.7,98.13,0.3,12.2,235.4,93.9,0.0
170,17.7,17.5,98.75,0.3,11.9,238.8,76.6,0.0
171,17.4,17.2,98.74,0.3,10.1,238.0,68.1,0.0
172,17.2,16.9,98.12,0.3,7.9,230.0,60.2,0.0
173,16.9,16.7,98.74,0.3,5.8,218.3,60.6,0.0
174,16.7,16.5,98.74,0.3,5.0,202.4,63.3,4.0
175,17.5,17.0,96.89,0.3,7.6,193.6,68.0,69.9
176,18.2,17.3,94.49,0.3,10.1,196.6,74.3,150.6
177,18.8,17.4,91.58,0.2,11.9,199.0,78.7,219.4
178,19.3,17.5,89.33,0.3,13.0,197.4,82.8,278.6
179,19.8,17.6,87.14,0.3,13.7,198.1,83.5,317.8
180,20.0,17.7,86.61,0.4,13.7,200.3,81.8,327.0
181,20.1,17.8,86.62,0.3,14.0,202.0,84.1,296.4
182,20.0,18.0,88.27,0.3,14.4,206.6,85.8,259.1
183,19.9,18.2,89.94,0.3,15.1,209.8,85.5,223.4
184,19.7,18.4,92.21,0.2,16.2,211.4,84.6,159.1
185,19.3,18.5,95.13,0.2,15.8,210.6,83.9,80.6
186,18.9,18.6,98.14,0.1,13.3,207.1,82.8,13.9
187,18.7,18.5,98.76,0.2,14.4,207.1,78.6,0.0
188,18.6,18.5,99.38,0.2,15.5,209.2,76.6,0.0
189,18.5,18.3,98.75,0.2,12.6,204.4,71.8,0.0
190,18.2,18.1,99.37,0.2,10.8,199.6,69.1,0.0
191,18.1,17.9,98.75,0.2,10.4,197.2,65.3,0.0
